substrate,ion,energy_keV,angle_deg,thickness_A,Rp_A,dRp_A,lateral_range_A,lateral_straggle_A,radial_range_A,radial_straggle_A,skewness,kurtosis,vacancies_per_ion,backscattered,transmitted,is_profile
SiC,Ar,100,0.0,2000,707.2,223.3,143.1,181.9,227.1,125.6,-0.139,2.6673,563.0,0,0,1
GaAs,As,3000,60.0,8000,4878.0,1980.0,11480.0,11980.0,12030.0,3306.0,-0.4407,2.2786,12713.0,336,3627,1
SiC,As,100,89.9,2000,108.5,74.63,470.7,494.6,483.9,151.7,1.018,3.9244,167.0,8553,0,1
GaAs,P,3000,89.9,5000,2586.0,1300.0,19270.0,19470.0,19720.0,2503.0,-0.0391,2.0087,708.0,8787,433,1
GaAs,B,5000,0.0,1000,0.0,0.0,0.0,0.0,0.0,0.0,0.0,0.0,2.0,0,10000,0
SiC,As,500,30.0,2000,1516.0,347.7,1022.0,1116.0,1101.0,441.3,-0.7703,3.0353,2361.0,0,4302,1
SiC,As,4050,30.0,2000,0.0,0.0,0.0,0.0,0.0,0.0,0.0,0.0,522.0,0,10000,0
GaAs,Mg,500,30.0,1000,541.6,270.6,2519.0,3054.0,4500.0,1688.0,-0.1182,1.2877,194.0,100,9885,1
GaAs,As,50,7.0,8000,259.7,131.8,92.14,120.1,143.2,87.08,0.5444,3.1361,578.0,64,0,1
SiC,Mg,8000,45.0,8000,4828.0,1207.0,10080.0,11690.0,13740.0,5822.0,12.6898,-67.04,138.0,0,9995,1
GaAs,Ar,100,7.0,5000,765.4,359.3,295.6,375.3,455.5,251.1,0.2012,2.5476,893.0,202,0,1
Si,Ar,800,60.0,2000,1193.0,500.2,5946.0,6280.0,6144.0,1996.0,-0.415,2.2038,749.0,74,9165,1
SiC,B,500,7.0,5000,3848.0,1013.0,1701.0,2124.0,2475.0,1193.0,-1.3385,4.481,97.0,3,9850,1
GaAs,B,50,30.0,8000,1174.0,542.0,758.1,910.8,1043.0,480.6,0.0747,2.4525,212.0,941,0,1
SiC,As,8000,89.9,10000,2408.0,1523.0,23600.0,23720.0,23720.0,2267.0,0.7939,3.4256,1880.0,8518,0,1
SiC,As,10,7.0,8000,84.95,27.08,19.72,24.97,29.37,16.25,0.4205,3.0334,89.0,0,0,1
GaAs,P,1000,89.9,10000,2664.0,1564.0,8107.0,8413.0,8524.0,2101.0,0.4332,2.5719,510.0,8925,0,1
GaAs,Ar,10000,0.0,8000,1788.0,0.0,4326.0,0.0,5968.0,0.0,-0.0807,2.5476,417.0,2,9997,1
Si,P,4000,30.0,5000,3715.0,457.0,3013.0,3657.0,3504.0,2558.0,0.0456,2.6717,140.0,1,9997,1
SiC,B,8000,0.0,8000,0.0,0.0,0.0,0.0,0.0,0.0,0.0,0.0,7.0,0,10000,0
SiC,P,5000,0.0,1000,0.0,0.0,0.0,0.0,0.0,0.0,0.0,0.0,25.0,0,10000,0
SiC,P,8900,45.0,5000,1806.0,0.0,16100.0,0.0,16320.0,0.0,0.0116,2.7244,124.0,0,9999,1
Si,Mg,50,45.0,5000,709.7,365.7,692.7,790.2,793.9,368.7,0.3539,2.6589,317.0,387,0,1
SiC,Ar,50,45.0,8000,271.2,116.7,270.7,295.5,291.9,116.3,0.227,2.7882,328.0,58,0,1
GaAs,As,500,89.9,10000,767.9,551.6,2098.0,2297.0,2249.0,923.7,0.9883,3.7398,837.0,8741,0,1
SiC,Mg,50,89.9,2000,215.4,145.7,621.3,670.4,659.3,247.2,0.8566,3.6585,62.0,8723,0,1
Si,P,50,0.0,5000,716.0,287.4,195.2,249.6,305.2,171.6,0.1146,2.6717,311.0,10,0,1
Si,As,4100,7.0,5000,4451.0,675.5,3269.0,3516.0,3601.0,1053.0,0.3423,2.8829,862.0,0,9997,1
GaAs,B,5000,89.9,5000,2579.0,1255.0,49910.0,49950.0,50130.0,1931.0,-0.0695,2.0106,129.0,8556,657,1
SiC,Ar,3000,60.0,2000,1017.0,474.8,7860.0,8700.0,8179.0,3680.0,0.1561,1.4297,298.0,5,9980,1
SiC,P,5000,30.0,2000,0.0,0.0,0.0,0.0,0.0,0.0,0.0,0.0,59.0,0,10000,0
SiC,Ar,10000,7.0,1000,0.0,0.0,0.0,0.0,0.0,0.0,0.0,0.0,24.0,0,10000,0
SiC,Mg,5000,7.0,8000,0.0,0.0,0.0,0.0,0.0,0.0,0.0,0.0,143.0,0,10000,0
GaAs,P,3000,0.0,10000,6600.0,2372.0,4985.0,6014.0,8076.0,3496.0,-0.5774,2.2183,1076.0,8,9884,1
SiC,P,50,7.0,10000,465.2,167.7,121.1,153.3,184.2,101.0,0.0116,2.7363,322.0,2,0,1
Si,P,1000,60.0,1000,569.5,298.5,3929.0,5111.0,4321.0,3519.0,-0.1872,1.0983,141.0,22,9964,1
SiC,B,300,7.0,10000,4966.0,664.8,845.3,1038.0,1189.0,610.7,-1.311,6.7093,262.0,2,0,1
GaAs,As,3000,30.0,2000,1070.0,528.5,2641.0,3612.0,3485.0,2481.0,0.1214,1.796,1331.0,8,9968,1
Si,As,8000,45.0,5000,0.0,0.0,0.0,0.0,0.0,0.0,0.0,0.0,720.0,0,10000,0
GaAs,As,1000,30.0,2000,1277.0,481.0,1674.0,2102.0,2034.0,1271.0,-0.591,2.5047,3014.0,36,8950,1
SiC,As,1000,45.0,8000,3064.0,862.9,3076.0,3196.0,3172.0,857.0,-0.1295,2.8132,4152.0,1,0,1
GaAs,B,3000,0.0,1000,0.0,0.0,0.0,0.0,0.0,0.0,0.0,0.0,4.0,0,10000,0
SiC,P,5000,30.0,8000,5852.0,1489.0,6347.0,7761.0,7088.0,4107.0,182.0482,-3651.1323,330.0,0,9993,1
Si,Ar,500,60.0,10000,2563.0,1067.0,4385.0,4533.0,4527.0,1120.0,-0.0177,2.5366,1586.0,150,0,1
GaAs,Ar,50,60.0,8000,271.3,169.4,349.7,405.6,408.7,199.9,0.7505,3.3773,459.0,2017,0,1
GaAs,As,500,30.0,10000,1906.0,857.6,1152.0,1371.0,1410.0,730.1,0.208,2.6572,4561.0,76,0,1
SiC,B,10,7.0,10000,266.7,110.9,96.82,120.9,148.8,76.98,0.0191,2.6495,54.0,142,0,1
Si,P,300,0.0,1000,619.1,216.7,537.1,750.1,796.9,584.0,0.0725,1.5139,169.0,2,9937,1
SiC,B,3000,60.0,2000,0.0,0.0,0.0,0.0,0.0,0.0,0.0,0.0,9.0,2,9998,0
GaAs,Ar,300,0.0,1000,582.1,257.6,594.2,766.2,932.0,566.8,-0.3396,2.0648,644.0,86,9300,1
GaAs,As,10000,45.0,10000,6289.0,2461.0,17750.0,19970.0,19300.0,8917.0,-0.6317,2.3182,4258.0,3,9884,1
Si,Ar,6550,7.0,5000,0.0,0.0,0.0,0.0,0.0,0.0,0.0,0.0,126.0,0,10000,0
GaAs,Mg,50,0.0,5000,674.8,355.5,311.4,392.0,485.8,263.7,0.4072,2.7448,489.0,666,0,1
SiC,B,800,30.0,2000,1909.0,0.0,7104.0,0.0,7503.0,0.0,-0.1894,4.3157,20.0,2,9997,1
Si,Ar,100,60.0,5000,581.4,305.2,940.5,1009.0,997.1,359.6,0.4004,2.7921,547.0,501,0,1
GaAs,As,100,89.9,2000,177.2,128.9,435.5,493.4,473.3,231.7,1.1311,4.2966,237.0,8631,0,1
GaAs,P,10,0.0,1000,132.1,75.48,61.68,78.82,97.62,56.39,0.6257,3.1044,110.0,738,0,1
GaAs,Ar,5000,30.0,1000,0.0,0.0,0.0,0.0,0.0,0.0,0.0,0.0,97.0,0,10000,0
Si,Ar,50,0.0,2000,579.3,224.4,146.6,186.3,229.3,129.7,0.1673,2.7114,317.0,3,0,1
GaAs,B,100,60.0,8000,1501.0,772.5,1991.0,2191.0,2296.0,810.5,0.2148,2.3899,285.0,1888,0,1
Si,B,50,0.0,2000,1419.0,420.5,546.5,670.1,850.9,407.2,-0.953,3.4097,122.0,69,3752,1
Si,B,10000,89.9,10000,3509.0,2189.0,118100.0,118100.0,118100.0,1798.0,0.6539,2.821,126.0,7758,75,1
Si,P,3000,60.0,1000,0.0,0.0,0.0,0.0,0.0,0.0,0.0,0.0,55.0,1,9999,0
SiC,P,300,0.0,1000,676.1,232.7,334.2,436.0,542.8,339.1,-0.9103,3.2642,267.0,1,9860,1
GaAs,B,10,60.0,1000,251.0,146.5,262.7,314.2,339.5,163.6,0.5964,2.9235,59.0,3574,0,1
GaAs,Ar,50,89.9,8000,198.2,133.9,369.2,421.0,419.7,197.9,1.0118,4.0854,96.0,8775,0,1
SiC,Mg,100,89.9,2000,383.2,252.9,1233.0,1303.0,1293.0,409.0,0.835,3.5082,97.0,8767,0,1
GaAs,As,800,60.0,2000,1104.0,520.9,2910.0,3187.0,3141.0,1290.0,-0.2031,1.9988,5158.0,746,4481,1
Si,B,650,0.0,2000,869.7,0.0,714.7,0.0,6377.0,0.0,0.09004999999999999,2.6853,13.0,2,9997,1
SiC,As,1000,89.9,2000,723.0,440.5,4251.0,4358.0,4317.0,953.9,0.5767,2.6888,789.0,8652,28,1
SiC,Ar,2050,0.0,2000,1711.0,0.0,276.4,0.0,1612.0,0.0,-0.1371,2.7931,187.0,0,9999,1
SiC,Ar,300,60.0,1000,656.2,234.4,1680.0,1757.0,1736.0,504.0,-0.6143,2.5169,943.0,147,5311,1
Si,Mg,50,45.0,2000,710.6,365.1,693.7,789.0,793.5,363.1,0.3406,2.6038,317.0,343,6,1
Si,Mg,50,89.9,5000,368.5,243.7,930.9,1015.0,1004.0,395.7,0.7928,3.2466,58.0,8804,0,1
Si,P,4000,7.0,5000,2030.0,0.0,287.5,0.0,592.0,0.0,0.0456,2.6717,121.0,0,9999,1
Si,P,10,0.0,10000,175.8,83.25,55.05,70.7,87.29,50.53,0.4553,2.9925,75.0,21,0,1
Si,B,50,89.9,2000,652.3,391.2,1683.0,1772.0,1801.0,508.1,0.5619,2.8261,27.0,8695,1,1
GaAs,As,300,45.0,8000,956.7,513.8,928.9,1066.0,1061.0,513.5,0.4823,2.863,2956.0,328,0,1
SiC,Mg,10,30.0,10000,123.7,60.43,75.6,91.52,94.59,50.88,0.3995,2.8467,83.0,147,0,1
SiC,P,10,0.0,10000,115.2,48.62,31.79,40.68,49.77,28.68,0.3381,2.9037,80.0,13,0,1
GaAs,P,10000,60.0,10000,5680.0,2467.0,35400.0,36170.0,36830.0,6733.0,-0.4663,2.3229,889.0,19,9894,1
GaAs,B,10000,60.0,10000,0.0,0.0,0.0,0.0,0.0,0.0,0.0,0.0,30.0,2,9998,0
SiC,P,10000,45.0,5000,0.0,0.0,0.0,0.0,0.0,0.0,0.0,0.0,107.0,0,10000,0
GaAs,P,5000,7.0,2000,0.0,0.0,0.0,0.0,0.0,0.0,0.0,0.0,95.0,0,10000,0
Si,P,10000,7.0,1000,0.0,0.0,0.0,0.0,0.0,0.0,0.0,0.0,9.0,0,10000,0
GaAs,B,3000,0.0,8000,4411.0,0.0,22100.0,0.0,25050.0,0.0,-0.08760000000000001,2.37535,37.0,0,9999,1
Si,Ar,2000,7.0,2000,1860.0,37.99,236.2,296.3,373.6,177.8,0.0658,2.7114,132.0,0,9997,1
SiC,B,1000,60.0,8000,5665.0,1099.0,9886.0,9927.0,9962.0,868.2,-0.6938,4.0526,319.0,13,112,1
Si,P,800,45.0,8000,5921.0,1457.0,6528.0,6771.0,6804.0,1703.0,-0.9133,3.6084,1591.0,18,1892,1
Si,Mg,4150,7.0,5000,2845.0,0.0,13110.0,0.0,14630.0,0.0,0.3425,3.13035,65.0,0,9999,1
SiC,As,300,60.0,1000,585.7,230.0,1134.0,1189.0,1166.0,356.7,-0.2185,2.2439,1778.0,73,1358,1
SiC,P,800,30.0,1000,606.1,195.8,1203.0,1520.0,1557.0,970.4,7.1476,-61.283,140.0,0,9989,1
SiC,Ar,800,60.0,10000,2518.0,847.8,4370.0,4455.0,4455.0,849.3,-0.2234,2.8055,1923.0,47,0,1
Si,P,100,7.0,2000,1273.0,422.1,363.6,461.2,553.3,305.6,-0.4282,2.5244,520.0,2,970,1
SiC,Mg,800,45.0,8000,5731.0,1354.0,5919.0,6085.0,6130.0,1352.0,-0.7408,3.4255,1453.0,5,459,1
SiC,Ar,8000,0.0,1000,0.0,0.0,0.0,0.0,0.0,0.0,0.0,0.0,28.0,0,10000,0
GaAs,B,500,7.0,10000,8034.0,1626.0,2491.0,3029.0,3716.0,1682.0,-1.5692,5.9547,479.0,33,3895,1
GaAs,As,800,89.9,2000,879.4,523.4,3368.0,3623.0,3574.0,1324.0,0.2538,2.0274,1099.0,8790,202,1
SiC,Mg,6550,7.0,5000,0.0,0.0,0.0,0.0,0.0,0.0,0.0,0.0,59.0,0,10000,0
GaAs,Ar,300,30.0,1000,540.4,254.6,981.5,1211.0,1281.0,713.8,-0.191,1.9917,780.0,190,8862,1
Si,B,300,0.0,5000,3739.0,1038.0,2041.0,2472.0,3238.0,1482.0,-1.1545,3.5953,86.0,9,9796,1
SiC,Mg,100,30.0,1000,690.6,221.9,623.2,727.4,732.7,363.0,-0.7872,2.9199,403.0,29,6107,1
GaAs,Ar,8000,7.0,10000,6413.0,2368.0,6579.0,9073.0,11930.0,7187.0,0.9835,-5.4119,704.0,1,9989,1
Si,P,3000,7.0,10000,7799.0,1920.0,3108.0,4199.0,4831.0,3219.0,0.0984,-1.9953,386.0,0,9973,1
Si,P,8000,89.9,2000,1004.0,552.0,42150.0,42230.0,42280.0,2518.0,-0.0325,1.9025,391.0,8362,1305,1
GaAs,As,800,30.0,2000,1310.0,461.2,1518.0,1848.0,1842.0,1069.0,-0.6007,2.5262,3411.0,51,8046,1
Si,Mg,500,0.0,10000,7964.0,1670.0,1839.0,2296.0,2921.0,1474.0,-1.325,4.8229,1202.0,1,3317,1
Si,As,1000,0.0,5000,3998.0,800.5,871.6,1122.0,1350.0,791.0,-1.0055,3.5399,2700.0,0,8241,1
Si,P,800,0.0,8000,6584.0,1322.0,1614.0,2036.0,2545.0,1359.0,-1.5058,5.2083,1121.0,0,7924,1
GaAs,Mg,300,0.0,8000,3970.0,1532.0,1444.0,1790.0,2280.0,1116.0,-0.1888,2.5358,1841.0,179,7,1
GaAs,Mg,10,60.0,10000,124.3,80.21,135.2,164.8,171.9,94.09,0.9469,4.0026,99.0,3201,0,1
SiC,B,8000,89.9,10000,2042.0,1483.0,60510.0,60520.0,60550.0,1027.0,1.3827,5.9348,122.0,7772,5,1
SiC,Ar,300,30.0,8000,1744.0,465.3,1009.0,1098.0,1103.0,412.3,-0.383,2.9904,1162.0,1,0,1
GaAs,Ar,800,89.9,2000,1027.0,527.9,5724.0,5978.0,6037.0,1656.0,-0.0147,1.8741,550.0,8847,559,1
SiC,P,8000,0.0,2000,0.0,0.0,0.0,0.0,0.0,0.0,0.0,0.0,34.0,0,10000,0
Si,Mg,3000,45.0,1000,0.0,0.0,0.0,0.0,0.0,0.0,0.0,0.0,22.0,0,10000,0
Si,B,500,7.0,8000,6168.0,1654.0,2937.0,3516.0,4384.0,1846.0,-1.3787,4.4701,109.0,4,9758,1
Si,As,1000,30.0,2000,1565.0,345.9,1772.0,2057.0,1935.0,1041.0,-0.2916,-0.07,1071.0,0,9898,1
GaAs,Mg,1000,7.0,8000,5456.0,1713.0,3817.0,4637.0,5795.0,2577.0,-0.7717,2.9588,1348.0,50,8868,1
GaAs,Ar,800,45.0,5000,3204.0,1195.0,4265.0,4635.0,4752.0,1664.0,-0.5657,2.4556,3325.0,217,3583,1
Si,As,50,30.0,1000,344.9,134.8,205.5,235.8,233.9,113.1,0.4634,3.1822,380.0,4,2,1
Si,Ar,8000,30.0,10000,0.0,0.0,0.0,0.0,0.0,0.0,0.0,0.0,272.0,0,10000,0
Si,P,2000,7.0,2000,576.6,271.9,429.8,429.8,596.1,160.4,0.0456,2.6717,77.0,0,9998,1
GaAs,P,100,89.9,5000,489.7,312.0,908.4,1026.0,1036.0,451.5,0.833,3.6112,152.0,8830,0,1
Si,As,5000,0.0,2000,0.0,0.0,0.0,0.0,0.0,0.0,0.0,0.0,266.0,0,10000,0
Si,As,5000,89.9,10000,3354.0,2103.0,25700.0,25940.0,25940.0,3495.0,0.6392,2.9201,1656.0,8617,9,1
SiC,B,300,7.0,2000,1112.0,537.8,1226.0,1476.0,1837.0,949.4,-0.3698,2.2577,41.0,3,9968,1
Si,Ar,5000,30.0,1000,0.0,0.0,0.0,0.0,0.0,0.0,0.0,0.0,34.0,0,10000,0
GaAs,Mg,100,60.0,5000,904.9,539.1,1126.0,1297.0,1349.0,610.7,0.5809,2.9044,772.0,2344,0,1
Si,P,4050,7.0,5000,0.0,0.0,0.0,0.0,0.0,0.0,0.0,0.0,119.0,0,10000,0
GaAs,Ar,1000,60.0,5000,2919.0,1267.0,6341.0,6646.0,6780.0,1839.0,-0.3604,2.1537,3730.0,667,2852,1
GaAs,Mg,500,60.0,10000,3739.0,1947.0,5454.0,5876.0,6074.0,1980.0,0.2197,2.3302,2244.0,1377,1,1
SiC,P,500,89.9,1000,502.9,265.3,3995.0,4078.0,4078.0,794.2,0.0003,1.9395,227.0,8725,401,1
Si,Mg,1000,45.0,8000,6022.0,1574.0,10520.0,10990.0,11040.0,3016.0,-1.2147,4.3103,843.0,15,8450,1
GaAs,Mg,1000,60.0,10000,5536.0,2453.0,9753.0,10200.0,10500.0,2683.0,-0.21,2.1234,2868.0,713,960,1
GaAs,As,3000,89.9,5000,2415.0,1293.0,12720.0,13210.0,13190.0,3430.0,0.0754,2.0079,2275.0,8840,278,1
Si,Ar,1900,7.0,2000,1958.0,0.0,1419.0,0.0,1546.0,0.0,0.0658,2.7114,135.0,0,9999,1
GaAs,Ar,800,7.0,2000,1093.0,500.0,1454.0,1914.0,2224.0,1377.0,-0.2815,2.117,721.0,24,9832,1
GaAs,Ar,5000,45.0,10000,6535.0,2256.0,18270.0,19240.0,19580.0,5466.0,-0.6538,2.7081,1831.0,3,9775,1
Si,B,10,7.0,10000,417.6,188.3,169.6,211.3,259.0,135.3,0.072,2.5155,50.0,293,0,1
GaAs,As,800,0.0,1000,619.6,250.1,534.0,719.1,805.6,605.9,-0.3625,2.2093,1264.0,8,9766,1
Si,As,300,7.0,2000,1490.0,358.8,372.1,474.5,551.6,315.8,-0.685,2.8016,1558.0,0,4688,1
SiC,P,500,30.0,1000,616.6,264.9,845.8,1094.0,1042.0,712.4,-0.5552,1.894,206.0,2,9953,1
GaAs,B,3000,89.9,2000,1022.0,509.7,33980.0,34030.0,34250.0,1859.0,-0.0063,2.1208,79.0,8577,1304,1
Si,B,5000,60.0,1000,0.0,0.0,0.0,0.0,0.0,0.0,0.0,0.0,2.0,0,10000,0
Si,B,10000,0.0,10000,0.0,0.0,0.0,0.0,0.0,0.0,0.0,0.0,5.0,0,10000,0
GaAs,Ar,3000,60.0,1000,856.0,0.0,7585.0,0.0,8166.0,0.0,-0.0807,2.5476,272.0,27,9972,1
Si,As,500,89.9,10000,708.7,481.7,3198.0,3343.0,3278.0,974.6,0.9277,3.5847,510.0,8718,0,1
Si,B,800,60.0,10000,7207.0,1706.0,13120.0,13220.0,13300.0,1448.0,-0.8168,3.6371,315.0,34,851,1
SiC,B,5000,89.9,5000,1603.0,1014.0,38570.0,38570.0,38610.0,821.1,0.7507,3.0742,102.0,8002,41,1
SiC,P,500,7.0,10000,3957.0,796.5,744.6,921.4,1079.0,554.3,-0.8998,4.2626,1336.0,0,0,1
GaAs,Mg,5000,89.9,10000,4690.0,2438.0,31610.0,31820.0,32130.0,3399.0,0.1286,2.121,647.0,8834,183,1
GaAs,Ar,300,7.0,5000,2208.0,862.2,743.8,929.9,1143.0,594.7,-0.1309,2.5982,2075.0,94,1,1
GaAs,Ar,8000,7.0,1000,0.0,0.0,0.0,0.0,0.0,0.0,0.0,0.0,58.0,1,9999,0
SiC,P,1950,0.0,2000,0.0,0.0,0.0,0.0,0.0,0.0,0.0,0.0,117.0,0,10000,0
SiC,Ar,1000,7.0,10000,6073.0,961.2,1006.0,1237.0,1397.0,708.6,-1.0745,5.0413,2101.0,0,0,1
SiC,P,100,7.0,10000,897.3,285.3,217.2,274.0,324.7,175.6,-0.175,2.7113,540.0,1,0,1
Si,As,500,45.0,8000,2312.0,839.0,2304.0,2452.0,2419.0,831.0,0.1495,2.7473,2670.0,8,0,1
SiC,B,1000,89.9,10000,1184.0,829.6,11350.0,11390.0,11420.0,848.2,1.466,7.2077,68.0,8475,0,1
GaAs,As,8000,0.0,8000,5193.0,1502.0,2674.0,3807.0,4223.0,2936.0,0.8687,-3.2345,2504.0,0,9976,1
GaAs,Mg,1950,0.0,2000,1576.0,0.0,5391.0,0.0,9274.0,0.0,0.2197,2.3317,122.0,4,9995,1
Si,P,8000,7.0,5000,0.0,0.0,0.0,0.0,0.0,0.0,0.0,0.0,63.0,0,10000,0
SiC,B,300,0.0,2000,1273.0,491.8,1110.0,1444.0,1888.0,916.5,-0.1894,1.2616,42.0,6,9959,1
GaAs,Ar,5000,30.0,2000,0.0,0.0,0.0,0.0,0.0,0.0,0.0,0.0,200.0,2,9998,0
SiC,Mg,10000,45.0,2000,0.0,0.0,0.0,0.0,0.0,0.0,0.0,0.0,21.0,0,10000,0
SiC,P,5000,0.0,5000,2573.0,1555.0,286.7,356.9,2943.0,356.4,0.0116,2.7244,146.0,0,9998,1
GaAs,Ar,800,89.9,8000,1896.0,1200.0,5643.0,5913.0,5976.0,1644.0,0.5922,2.8437,603.0,8864,0,1
SiC,P,1000,7.0,10000,6996.0,1054.0,1158.0,1421.0,1624.0,818.0,-1.2986,6.062,1702.0,1,0,1
SiC,Mg,5000,89.9,10000,2307.0,1535.0,24080.0,24140.0,24200.0,1635.0,0.9689,4.1616,409.0,8430,2,1
GaAs,B,500,60.0,10000,4817.0,2026.0,7935.0,8179.0,8348.0,1792.0,-0.1251,2.3608,534.0,509,12,1
GaAs,Ar,3000,7.0,2000,1100.0,0.0,1002.0,0.0,3918.0,0.0,-0.0807,2.5476,259.0,7,9992,1
GaAs,P,8000,7.0,5000,0.0,0.0,0.0,0.0,0.0,0.0,0.0,0.0,184.0,0,10000,0
SiC,P,10,7.0,8000,114.8,48.28,33.68,42.82,51.29,29.24,0.3324,2.9197,80.0,15,0,1
GaAs,Mg,1800,7.0,2000,1375.0,299.5,2204.0,2217.0,10580.0,3692.0,0.2197,2.3317,136.0,5,9993,1
GaAs,Mg,100,7.0,2000,1112.0,488.1,590.3,738.2,913.7,478.1,-0.2414,2.1135,810.0,491,1666,1
Si,Ar,8000,60.0,10000,6038.0,2796.0,29230.0,30120.0,29790.0,7279.0,-0.362,1.6765,610.0,1,9959,1
SiC,As,3000,60.0,10000,5899.0,1609.0,10210.0,10350.0,10340.0,1681.0,-0.2109,2.8778,7032.0,3,27,1
Si,Ar,500,30.0,5000,3786.0,916.1,2562.0,2799.0,2819.0,1063.0,-0.9837,3.6271,1481.0,3,3172,1
GaAs,P,1000,60.0,5000,2945.0,1258.0,7408.0,7750.0,7929.0,2064.0,-0.4056,2.2109,2766.0,713,4205,1
SiC,As,500,45.0,5000,1547.0,505.6,1552.0,1632.0,1611.0,498.7,0.0522,2.738,2664.0,3,0,1
SiC,As,10,89.9,2000,22.48,14.89,83.69,87.92,86.66,26.77,1.0881,4.8197,27.0,8223,0,1
Si,Ar,800,0.0,1000,612.3,237.1,579.0,734.8,839.2,523.6,1.852,-5.5325,131.0,0,9989,1
SiC,B,10,45.0,5000,204.5,101.8,195.4,222.5,230.2,99.47,0.2606,2.5732,53.0,612,0,1
Si,Mg,50,89.9,8000,360.4,245.8,931.9,1022.0,1003.0,413.8,0.8555,3.5326,60.0,8708,0,1
SiC,Mg,8000,30.0,8000,0.0,0.0,0.0,0.0,0.0,0.0,0.0,0.0,104.0,0,10000,0
GaAs,Mg,10,7.0,1000,163.0,94.55,83.2,106.2,128.7,73.52,0.6703,3.2784,112.0,1037,0,1
SiC,Ar,10,7.0,5000,101.6,39.03,27.83,35.34,41.93,23.8,0.2745,2.7833,80.0,4,0,1
GaAs,As,10000,45.0,5000,2427.0,1571.0,12470.0,15040.0,13640.0,8669.0,-0.0414,1.4573,1779.0,8,9979,1
Si,As,300,45.0,5000,1395.0,546.7,1386.0,1489.0,1463.0,540.5,0.2795,2.8829,1802.0,7,0,1
GaAs,P,1000,45.0,8000,5234.0,1821.0,6073.0,6488.0,6704.0,2064.0,-0.6265,2.6333,3212.0,204,1937,1
SiC,P,300,89.9,2000,541.0,350.7,2488.0,2558.0,2553.0,583.8,0.7304,3.2012,190.0,8772,1,1
SiC,As,8800,45.0,5000,3610.0,0.0,8235.0,0.0,8468.0,0.0,0.1507,2.9581,988.0,0,9999,1
SiC,B,1000,89.9,8000,1154.0,790.3,11330.0,11370.0,11410.0,908.1,1.2569,5.8446,67.0,8493,0,1
Si,Mg,10,60.0,5000,133.0,84.51,186.5,212.6,211.0,100.4,0.7993,3.4833,74.0,1522,0,1
GaAs,B,300,45.0,10000,4434.0,1608.0,4343.0,4664.0,4838.0,1517.0,-0.3337,2.5967,473.0,282,0,1
Si,B,50,60.0,10000,980.4,496.1,1507.0,1607.0,1645.0,508.9,0.2093,2.4527,133.0,991,0,1
GaAs,P,8000,30.0,5000,0.0,0.0,0.0,0.0,0.0,0.0,0.0,0.0,222.0,1,9999,0
GaAs,B,500,60.0,2000,1039.0,525.8,8640.0,8893.0,9313.0,1554.0,-0.1419,1.8679,111.0,343,9458,1
GaAs,P,800,45.0,1000,610.1,287.3,3420.0,4142.0,4061.0,2151.0,-0.6143,2.165,317.0,93,9885,1
SiC,As,6300,30.0,5000,4434.0,561.4,3022.0,3026.0,3305.0,131.4,0.1507,2.9581,1022.0,0,9998,1
SiC,P,8000,30.0,8000,6206.0,1341.0,3454.0,3674.0,4818.0,2209.0,0.0116,2.7244,190.0,0,9998,1
GaAs,B,10000,7.0,10000,0.0,0.0,0.0,0.0,0.0,0.0,0.0,0.0,13.0,0,10000,0
Si,B,8000,0.0,8000,0.0,0.0,0.0,0.0,0.0,0.0,0.0,0.0,5.0,0,10000,0
GaAs,P,3000,45.0,1000,0.0,0.0,0.0,0.0,0.0,0.0,0.0,0.0,98.0,1,9999,0
GaAs,P,800,89.9,10000,2302.0,1438.0,6707.0,7000.0,7102.0,1834.0,0.5159,2.658,481.0,8926,0,1
Si,Ar,3000,60.0,1000,0.0,0.0,0.0,0.0,0.0,0.0,0.0,0.0,97.0,0,10000,0
Si,As,6450,45.0,5000,4537.0,304.8,13810.0,14880.0,13880.0,5556.0,0.3423,2.8829,870.0,0,9998,1
GaAs,As,3000,45.0,1000,643.4,202.2,2019.0,3052.0,2227.0,2212.0,9.2505,-52.2045,791.0,8,9985,1
SiC,P,100,0.0,2000,896.2,285.6,196.7,247.8,308.0,167.6,-0.1867,2.7516,541.0,3,0,1
SiC,Ar,10000,7.0,2000,0.0,0.0,0.0,0.0,0.0,0.0,0.0,0.0,48.0,0,10000,0
Si,B,3000,45.0,8000,5506.0,0.0,28000.0,0.0,29850.0,0.0,0.09004999999999999,2.6853,20.0,2,9997,1
GaAs,Mg,3000,60.0,2000,910.8,0.0,24210.0,0.0,24460.0,0.0,0.2197,2.3317,175.0,28,9971,1
Si,P,3950,30.0,5000,4235.0,388.5,4489.0,5458.0,4726.0,3310.0,2.9899,-7.7744,140.0,0,9996,1
Si,Mg,5000,89.9,8000,3386.0,1981.0,36600.0,36710.0,36830.0,2645.0,0.3444,2.195,390.0,8606,124,1
Si,B,10,60.0,10000,275.3,160.7,363.2,409.5,419.7,178.0,0.5281,2.7853,47.0,1945,0,1
SiC,Ar,5000,7.0,1000,0.0,0.0,0.0,0.0,0.0,0.0,0.0,0.0,41.0,0,10000,0
SiC,B,8000,0.0,10000,0.0,0.0,0.0,0.0,0.0,0.0,0.0,0.0,9.0,0,10000,0
Si,As,100,7.0,8000,707.8,251.5,160.5,205.4,241.3,139.7,0.3423,2.8968,713.0,0,0,1
SiC,Ar,10000,45.0,8000,5905.0,38.11,20720.0,20760.0,20920.0,1120.0,-0.1371,2.7931,338.0,0,9998,1
Si,As,500,7.0,5000,3172.0,884.6,650.8,824.0,954.5,532.6,-0.247,2.5605,2658.0,0,303,1
SiC,As,2000,0.0,2000,1349.0,403.7,378.4,383.6,570.1,238.1,0.1507,2.9581,785.0,0,9998,1
Si,Mg,100,30.0,8000,1661.0,674.4,1003.0,1172.0,1214.0,577.8,-0.0002,2.5848,531.0,55,0,1
GaAs,Ar,300,0.0,5000,2212.0,860.7,716.0,895.1,1120.0,575.7,-0.0807,2.5721,2080.0,79,0,1
Si,Ar,300,45.0,8000,2168.0,779.2,2172.0,2312.0,2306.0,766.4,-0.0861,2.6899,1179.0,23,0,1
GaAs,Mg,8900,45.0,5000,1306.0,0.0,9630.0,0.0,25660.0,0.0,0.2197,2.3317,134.0,6,9993,1
SiC,Ar,1000,0.0,1000,695.9,265.2,597.1,860.8,608.9,624.6,5.619,-22.6755,156.0,0,9996,1
Si,B,500,7.0,1000,0.0,0.0,0.0,0.0,0.0,0.0,0.0,0.0,7.0,1,9999,0
SiC,Mg,8000,45.0,5000,3828.0,0.0,17240.0,0.0,19870.0,0.0,0.3548,2.9199,73.0,1,9998,1
Si,Mg,10,30.0,5000,192.5,101.0,120.9,148.3,154.8,86.42,0.5227,3.0339,77.0,220,0,1
GaAs,As,100,7.0,10000,466.4,229.7,156.3,202.3,241.2,146.5,0.4867,3.0651,1107.0,51,0,1
GaAs,Mg,100,30.0,2000,1046.0,485.4,779.2,953.4,1062.0,544.3,-0.0897,2.0949,818.0,731,1106,1
GaAs,B,3000,60.0,10000,6420.0,2324.0,30150.0,30450.0,30790.0,3875.0,-0.7218,2.7817,148.0,31,9803,1
SiC,Mg,6500,7.0,2000,0.0,0.0,0.0,0.0,0.0,0.0,0.0,0.0,22.0,0,10000,0
SiC,P,800,7.0,10000,5883.0,974.6,1013.0,1245.0,1428.0,726.4,-1.1907,5.4292,1590.0,0,0,1
SiC,Ar,300,7.0,1000,745.5,191.3,279.9,363.1,420.2,270.0,-0.8261,2.8571,422.0,0,9685,1
SiC,Ar,100,89.9,1000,185.8,122.3,702.3,735.0,724.3,214.0,0.9653,4.1976,115.0,8685,0,1
SiC,Ar,3000,89.9,2000,1008.0,543.1,14220.0,14290.0,14320.0,1330.0,0.0498,1.9108,550.0,8472,481,1
GaAs,P,100,0.0,2000,940.0,438.4,382.8,483.4,601.6,323.0,0.0786,2.3206,859.0,296,145,1
GaAs,P,800,89.9,1000,479.7,274.4,6482.0,6778.0,6836.0,1947.0,0.1615,1.7903,312.0,8817,1085,1
Si,Ar,10,89.9,5000,54.63,38.77,144.9,159.5,155.4,67.26,1.1875,4.8481,18.0,8520,0,1
SiC,As,6450,7.0,5000,0.0,0.0,0.0,0.0,0.0,0.0,0.0,0.0,857.0,0,10000,0
Si,Ar,3000,7.0,10000,8068.0,1643.0,3132.0,3904.0,4401.0,2825.0,-1.343,3.2216,628.0,0,9974,1
SiC,Mg,500,7.0,1000,468.5,147.8,471.2,549.7,1018.0,435.7,16.8831,-103.7107,100.0,2,9991,1
Si,P,100,0.0,8000,1367.0,479.1,343.1,435.4,538.5,295.5,-0.084,2.6917,530.0,4,0,1
SiC,As,3000,0.0,2000,0.0,0.0,0.0,0.0,0.0,0.0,0.0,0.0,570.0,0,10000,0
GaAs,B,500,45.0,8000,5581.0,1655.0,6874.0,7179.0,7445.0,1788.0,-0.8609,3.2534,493.0,141,2900,1
GaAs,B,500,89.9,2000,1064.0,503.5,9642.0,9809.0,10010.0,1491.0,-0.1057,1.9875,64.0,8879,758,1
GaAs,Ar,50,89.9,5000,198.8,130.6,380.5,436.7,433.9,209.0,0.8187,3.2881,97.0,8741,0,1
Si,P,50,45.0,10000,520.9,259.2,506.5,570.7,568.4,256.0,0.3431,2.6715,309.0,218,0,1
GaAs,P,800,7.0,8000,5870.0,1568.0,2091.0,2564.0,3179.0,1501.0,-1.0083,3.6516,2862.0,44,3091,1
SiC,P,100,0.0,5000,894.9,286.5,196.5,248.7,309.9,167.4,-0.2016,2.8064,541.0,1,0,1
Si,Mg,5000,45.0,8000,4955.0,2418.0,10730.0,13270.0,13120.0,8669.0,-0.5013,-1.9479,142.0,1,9995,1
SiC,P,10,45.0,5000,83.68,42.68,83.24,94.26,93.2,43.19,0.5032,3.0772,80.0,249,0,1
Si,Ar,100,30.0,5000,945.2,364.9,552.3,636.4,646.5,304.5,0.0658,2.5867,553.0,10,0,1
Si,Mg,3950,7.0,5000,0.0,0.0,0.0,0.0,0.0,0.0,0.0,0.0,70.0,0,10000,0
SiC,B,1000,7.0,2000,0.0,0.0,0.0,0.0,0.0,0.0,0.0,0.0,13.0,1,9999,0
GaAs,P,3000,30.0,2000,653.2,641.6,6636.0,6687.0,9188.0,2619.0,0.0786,2.3556,178.0,4,9994,1
SiC,As,300,45.0,10000,939.3,331.4,939.5,996.4,980.0,329.8,0.1507,2.7605,1824.0,4,0,1
GaAs,P,8000,45.0,8000,3653.0,2377.0,25630.0,26670.0,28930.0,5129.0,0.105,1.8925,472.0,10,9979,1
SiC,Mg,800,7.0,1000,746.7,158.8,191.2,250.2,1486.0,826.3,0.3548,2.9199,67.0,0,9998,1
Si,Mg,10,60.0,2000,132.3,83.83,185.3,212.3,209.0,102.1,0.8059,3.4384,74.0,1530,0,1
GaAs,Mg,300,89.9,10000,1847.0,1116.0,3781.0,4106.0,4205.0,1499.0,0.6451,3.2118,275.0,8954,0,1
SiC,As,3000,89.9,8000,1588.0,1047.0,11740.0,11880.0,11840.0,1825.0,0.7612,3.3352,1398.0,8547,0,1
GaAs,B,3950,45.0,5000,3044.0,0.0,38470.0,0.0,38600.0,0.0,-0.08760000000000001,2.37535,25.0,3,9996,1
GaAs,P,300,0.0,2000,1226.0,491.5,925.5,1166.0,1485.0,785.3,-0.5318,2.3795,965.0,98,8052,1
Si,B,5000,89.9,2000,984.6,507.4,59750.0,59770.0,59820.0,1269.0,-0.0441,1.9337,68.0,8046,1487,1
SiC,Mg,8000,30.0,2000,0.0,0.0,0.0,0.0,0.0,0.0,0.0,0.0,22.0,0,10000,0
GaAs,B,800,30.0,1000,0.0,0.0,0.0,0.0,0.0,0.0,0.0,0.0,15.0,7,9993,0
SiC,B,10000,7.0,2000,0.0,0.0,0.0,0.0,0.0,0.0,0.0,0.0,1.0,0,10000,0
GaAs,Mg,800,30.0,8000,5397.0,1783.0,5580.0,6263.0,6811.0,2468.0,-0.7687,2.8903,2061.0,128,5989,1
Si,Ar,1000,30.0,5000,3840.0,953.5,3729.0,4310.0,4145.0,2077.0,-1.1014,3.6578,873.0,1,9552,1
Si,Ar,500,45.0,10000,3572.0,1115.0,3594.0,3764.0,3775.0,1081.0,-0.28,2.8503,1591.0,21,0,1
Si,B,500,7.0,2000,1544.0,301.1,3491.0,4140.0,5218.0,2141.0,0.09004999999999999,2.6853,17.0,1,9996,1
Si,P,10,89.9,1000,67.74,48.3,165.6,186.3,179.3,84.99,1.0792,4.2744,18.0,8540,0,1
Si,Mg,5000,60.0,5000,964.7,369.5,20320.0,20500.0,23510.0,2932.0,0.3425,3.13035,123.0,3,9994,1
SiC,Ar,100,7.0,2000,705.8,221.0,161.8,204.3,241.2,132.3,-0.1031,2.6736,563.0,0,0,1
SiC,As,8000,30.0,10000,8798.0,731.8,7726.0,8484.0,8388.0,3154.0,-0.8576,2.0814,2054.0,0,9990,1
SiC,As,6400,7.0,5000,4201.0,137.8,2088.0,2180.0,2994.0,98.6,0.1507,2.9581,858.0,0,9998,1
Si,Mg,3900,30.0,5000,1931.0,0.0,7098.0,0.0,8238.0,0.0,0.3425,3.13035,78.0,1,9998,1
GaAs,Mg,10000,30.0,5000,0.0,0.0,0.0,0.0,0.0,0.0,0.0,0.0,90.0,1,9999,0
Si,P,10,45.0,8000,131.2,73.18,127.4,147.8,147.2,73.21,0.587,3.0754,75.0,419,0,1
Si,As,100,89.9,5000,174.8,124.3,679.6,723.6,703.0,249.9,1.1684,4.6212,159.0,8553,0,1
SiC,B,500,89.9,8000,1014.0,643.6,7189.0,7233.0,7269.0,721.7,0.922,4.3157,55.0,8658,0,1
Si,As,50,0.0,2000,400.0,141.8,85.81,110.1,134.8,78.08,0.3955,3.0374,380.0,0,0,1
GaAs,Mg,10000,45.0,2000,0.0,0.0,0.0,0.0,0.0,0.0,0.0,0.0,45.0,1,9999,0
SiC,B,10000,30.0,5000,0.0,0.0,0.0,0.0,0.0,0.0,0.0,0.0,4.0,0,10000,0
Si,Mg,800,89.9,8000,2642.0,1695.0,12410.0,12630.0,12720.0,2251.0,0.6136,2.765,250.0,8813,4,1
SiC,Mg,6300,30.0,5000,4636.0,0.0,9281.0,0.0,11060.0,0.0,0.3548,2.9199,72.0,0,9999,1
SiC,As,10000,45.0,1000,0.0,0.0,0.0,0.0,0.0,0.0,0.0,0.0,146.0,0,10000,0
Si,Mg,5000,7.0,1000,0.0,0.0,0.0,0.0,0.0,0.0,0.0,0.0,9.0,0,10000,0
SiC,Ar,8000,89.9,1000,523.9,278.2,27130.0,27190.0,27200.0,1856.0,-0.0977,1.8458,463.0,8337,1415,1
Si,Mg,10000,30.0,2000,0.0,0.0,0.0,0.0,0.0,0.0,0.0,0.0,11.0,0,10000,0
SiC,As,10,89.9,8000,22.49,14.17,83.45,87.54,86.36,26.22,0.9301,4.1082,26.0,8254,0,1
SiC,Ar,100,0.0,5000,709.3,225.8,144.3,183.8,227.3,125.7,-0.1352,2.7277,562.0,0,0,1
GaAs,Mg,100,30.0,10000,1190.0,610.5,781.8,955.1,1062.0,535.5,0.3245,2.6847,848.0,713,0,1
Si,Ar,300,30.0,1000,647.9,234.6,913.0,1114.0,1073.0,640.5,-0.5757,2.3687,305.0,2,9772,1
Si,P,5000,0.0,1000,0.0,0.0,0.0,0.0,0.0,0.0,0.0,0.0,18.0,0,10000,0
SiC,Mg,1000,89.9,10000,1659.0,1059.0,9499.0,9616.0,9652.0,1438.0,0.7826,3.3922,272.0,8731,0,1
SiC,P,3000,7.0,5000,3015.0,1121.0,1424.0,1747.0,2100.0,943.7,7.339,-40.4246,242.0,0,9994,1
SiC,P,10000,60.0,10000,7801.0,2151.0,25460.0,25970.0,25800.0,4778.0,-0.849,2.2551,498.0,0,9962,1
SiC,B,800,89.9,2000,885.0,506.2,9941.0,9967.0,10010.0,676.7,0.2442,2.0745,59.0,8582,196,1
Si,As,500,60.0,5000,1662.0,760.7,2838.0,2972.0,2929.0,883.1,0.3316,2.8611,2664.0,119,0,1
Si,P,300,89.9,1000,516.8,277.2,3689.0,3857.0,3831.0,1091.0,-0.085,1.8518,171.0,8768,566,1
GaAs,P,100,45.0,10000,748.2,416.1,686.9,808.5,849.9,409.9,0.4396,2.7225,837.0,1072,0,1
GaAs,Mg,3000,7.0,2000,0.0,0.0,0.0,0.0,0.0,0.0,0.0,0.0,87.0,3,9997,0
Si,Ar,10,45.0,10000,112.3,59.76,110.2,125.9,124.3,59.68,0.525,2.9732,75.0,255,0,1
Si,B,8000,45.0,2000,0.0,0.0,0.0,0.0,0.0,0.0,0.0,0.0,2.0,0,10000,0
Si,As,3000,30.0,5000,3952.0,799.0,4960.0,6092.0,5398.0,3518.0,25.5352,-381.9079,1310.0,0,9979,1
GaAs,Mg,8000,60.0,8000,3345.0,2157.0,36200.0,37070.0,38120.0,6543.0,0.2739,1.5103,433.0,16,9951,1
GaAs,Mg,800,60.0,1000,419.7,200.9,6999.0,8245.0,8275.0,3648.0,1.1678,-0.3127,276.0,256,9733,1
SiC,Ar,3000,30.0,10000,8663.0,1392.0,6669.0,7044.0,7003.0,2151.0,-1.7982,6.6615,1531.0,0,9343,1
Si,As,1000,60.0,10000,3277.0,1363.0,5628.0,5832.0,5776.0,1519.0,0.1693,2.725,4272.0,60,0,1
SiC,B,1000,30.0,10000,9143.0,866.9,6059.0,6170.0,6225.0,1089.0,-2.7418,15.5784,275.0,4,5156,1
SiC,As,10,30.0,8000,74.37,25.84,44.25,49.97,50.05,22.39,0.3679,3.0848,89.0,2,0,1
GaAs,Mg,1000,7.0,5000,2566.0,1292.0,3757.0,4621.0,5997.0,2735.0,-0.0908,1.9852,665.0,42,9757,1
Si,Mg,3900,7.0,5000,0.0,0.0,0.0,0.0,0.0,0.0,0.0,0.0,68.0,0,10000,0
SiC,B,500,30.0,10000,6250.0,827.4,3599.0,3722.0,3752.0,899.0,-1.3272,6.9341,291.0,4,0,1
GaAs,B,2050,0.0,5000,3386.0,0.0,9852.0,0.0,19090.0,0.0,-0.08760000000000001,2.37535,30.0,1,9998,1
SiC,As,3000,7.0,8000,6768.0,1072.0,1433.0,1834.0,2083.0,1184.0,-0.8629,1.7605,3231.0,0,9672,1
Si,P,500,0.0,10000,6156.0,1333.0,1109.0,1382.0,1745.0,890.9,-0.7699,3.8265,1375.0,1,1,1
GaAs,Mg,3000,60.0,1000,0.0,0.0,0.0,0.0,0.0,0.0,0.0,0.0,82.0,8,9992,0
SiC,Mg,500,7.0,10000,5792.0,1147.0,1155.0,1437.0,1677.0,861.3,-1.0115,4.6299,1278.0,1,0,1
GaAs,Ar,300,30.0,8000,1958.0,838.1,1193.0,1408.0,1505.0,712.0,0.0178,2.5439,2068.0,186,0,1
SiC,Mg,100,45.0,8000,903.2,383.8,904.7,986.5,991.0,377.5,0.0677,2.5799,543.0,122,0,1
GaAs,As,800,45.0,2000,1199.0,505.1,2250.0,2564.0,2515.0,1212.0,-0.4291,2.1933,4221.0,216,6689,1
Si,Mg,300,0.0,1000,556.4,293.6,590.9,839.7,947.2,723.7,0.0504,1.343,98.0,5,9971,1
GaAs,B,800,30.0,5000,2698.0,1188.0,6832.0,7835.0,9151.0,3065.0,-0.3342,2.1051,100.0,28,9906,1
Si,B,5000,7.0,5000,0.0,0.0,0.0,0.0,0.0,0.0,0.0,0.0,4.0,0,10000,0
Si,Ar,500,89.9,2000,935.3,517.8,4982.0,5135.0,5110.0,1219.0,0.1801,2.0228,290.0,8719,161,1
SiC,As,500,0.0,1000,806.4,142.8,221.0,285.2,344.0,214.0,-1.1666,4.3549,965.0,0,9803,1
GaAs,P,1000,0.0,5000,3241.0,1202.0,2493.0,3064.0,3887.0,1904.0,-0.6243,2.4819,1242.0,34,9380,1
Si,As,75,0.0,10000,0.0,556.0,195.0,116.3,149.5,182.6,106.8,0.3299,2.8698,551,10000,0
GaAs,Ar,50,0.0,2000,408.7,209.5,161.5,205.8,254.6,144.6,0.3924,2.7712,493.0,290,0,1
GaAs,Ar,500,89.9,1000,513.5,258.7,3448.0,3755.0,3713.0,1405.0,-0.0074,1.9037,391.0,8817,794,1
GaAs,P,3000,0.0,2000,0.0,0.0,0.0,0.0,0.0,0.0,0.0,0.0,159.0,4,9996,0
GaAs,P,100,7.0,10000,959.5,463.0,396.0,500.0,614.1,330.4,0.2134,2.512,858.0,320,0,1
SiC,B,600,0.0,2000,1060.0,323.8,1056.0,1059.0,3088.0,1961.0,-0.1894,4.3157,21.0,0,9998,1
SiC,Ar,100,45.0,2000,503.4,200.9,504.0,543.4,538.1,198.2,0.0823,2.7505,562.0,33,0,1
Si,As,4150,0.0,5000,0.0,0.0,0.0,0.0,0.0,0.0,0.0,0.0,835.0,0,10000,0
GaAs,B,800,89.9,5000,2377.0,1228.0,12940.0,13100.0,13360.0,1713.0,0.0491,2.0415,91.0,8892,187,1
GaAs,As,800,7.0,1000,625.6,253.4,518.4,699.2,785.0,595.1,-0.5141,2.3283,1296.0,8,9760,1
Si,B,300,60.0,2000,1081.0,507.8,6874.0,7044.0,7196.0,1323.0,-0.1483,2.0558,72.0,114,9485,1
SiC,P,800,45.0,2000,1322.0,509.6,3155.0,3467.0,3374.0,1416.0,-0.7555,2.7028,428.0,5,9823,1
SiC,As,3000,45.0,10000,7898.0,1414.0,8362.0,8537.0,8519.0,1696.0,-0.8443,3.5469,6839.0,0,1570,1
Si,Ar,3000,0.0,5000,0.0,0.0,0.0,0.0,0.0,0.0,0.0,0.0,254.0,0,10000,0
GaAs,Ar,1000,45.0,5000,3234.0,1194.0,5280.0,5708.0,5856.0,1970.0,-0.6164,2.536,3197.0,190,5726,1
GaAs,Mg,10,0.0,1000,165.1,95.64,81.07,104.1,128.0,74.81,0.6322,3.1686,112.0,1036,0,1
SiC,B,500,0.0,1000,0.0,0.0,0.0,0.0,0.0,0.0,0.0,0.0,11.0,2,9998,0
Si,As,500,7.0,2000,1565.0,332.2,458.1,595.3,672.1,414.8,-0.7574,2.6408,1392.0,0,9007,1
Si,Mg,1000,0.0,8000,5927.0,1583.0,2691.0,3579.0,3989.0,2634.0,-1.0129,3.3371,445.0,1,9829,1
Si,B,10,45.0,2000,325.2,173.9,303.2,353.1,371.0,169.5,0.3431,2.5695,49.0,1031,0,1
SiC,B,100,45.0,1000,652.9,235.5,1455.0,1554.0,1599.0,492.7,-0.6406,2.5707,91.0,89,8642,1
SiC,P,300,7.0,10000,2489.0,586.9,518.4,645.2,757.6,397.6,-0.6089,3.4214,1050.0,0,0,1
Si,B,700,7.0,2000,394.0,0.0,809.8,0.0,7352.0,0.0,0.09004999999999999,2.6853,12.0,0,9999,1
SiC,Mg,6400,7.0,2000,0.0,0.0,0.0,0.0,0.0,0.0,0.0,0.0,23.0,0,10000,0
GaAs,B,100,89.9,10000,1121.0,665.5,2206.0,2396.0,2506.0,820.4,0.528,2.6782,53.0,8836,0,1
Si,As,8000,7.0,5000,0.0,0.0,0.0,0.0,0.0,0.0,0.0,0.0,482.0,0,10000,0
SiC,B,3000,45.0,5000,3537.0,1214.0,17380.0,17560.0,19720.0,635.5,-0.1894,4.3157,18.0,0,9998,1
Si,As,5000,45.0,1000,0.0,0.0,0.0,0.0,0.0,0.0,0.0,0.0,191.0,0,10000,0
GaAs,P,6400,30.0,5000,0.0,0.0,0.0,0.0,0.0,0.0,0.0,0.0,259.0,4,9996,0
GaAs,B,10,7.0,8000,320.5,170.3,173.7,216.2,268.5,136.4,0.4121,2.6741,68.0,1477,0,1
Si,Mg,3000,30.0,1000,0.0,0.0,0.0,0.0,0.0,0.0,0.0,0.0,17.0,0,10000,0
Si,As,300,89.9,8000,445.9,305.1,1912.0,2016.0,1962.0,640.2,0.9721,3.9696,365.0,8644,0,1
GaAs,As,50,30.0,5000,230.3,126.0,143.0,177.3,182.9,106.0,0.6418,3.2905,577.0,193,0,1
GaAs,As,8950,30.0,2000,0.0,0.0,0.0,0.0,0.0,0.0,0.0,0.0,567.0,2,9998,0
GaAs,Ar,4050,30.0,2000,0.0,0.0,0.0,0.0,0.0,0.0,0.0,0.0,234.0,1,9999,0
Si,B,1900,45.0,5000,0.0,0.0,0.0,0.0,0.0,0.0,0.0,0.0,20.0,3,9997,0
Si,P,8000,30.0,2000,0.0,0.0,0.0,0.0,0.0,0.0,0.0,0.0,28.0,0,10000,0
Si,Ar,5000,60.0,2000,1515.0,45.63,14590.0,14650.0,14870.0,1087.0,0.0658,2.7114,127.0,2,9996,1
SiC,Mg,3000,0.0,8000,5407.0,1734.0,4125.0,4846.0,5381.0,2323.0,-0.5707,1.7795,257.0,0,9986,1
GaAs,Ar,8000,30.0,8000,5260.0,1986.0,12470.0,14080.0,15060.0,7230.0,11.1793,-125.0037,622.0,1,9993,1
SiC,B,3000,0.0,8000,0.0,0.0,0.0,0.0,0.0,0.0,0.0,0.0,21.0,0,10000,0
Si,As,800,0.0,1000,843.3,122.3,455.6,546.8,641.9,310.3,3.203,-8.7299,481.0,0,9995,1
Si,B,10,45.0,5000,326.1,173.4,307.5,356.6,372.7,170.2,0.3219,2.549,49.0,938,0,1
Si,Mg,1900,7.0,2000,948.5,0.0,4274.0,0.0,6545.0,0.0,0.3425,3.13035,48.0,0,9999,1
GaAs,P,300,7.0,2000,1241.0,477.9,1005.0,1265.0,1529.0,795.7,-0.5183,2.3556,975.0,124,7992,1
SiC,B,3000,45.0,2000,0.0,0.0,0.0,0.0,0.0,0.0,0.0,0.0,7.0,1,9999,0
GaAs,Mg,1000,7.0,2000,861.9,400.8,5544.0,6059.0,7277.0,1520.0,1.707,-8.5889,213.0,30,9963,1
GaAs,As,800,89.9,10000,1181.0,830.8,3378.0,3639.0,3574.0,1347.0,0.9827,3.8331,1159.0,8786,0,1
GaAs,Mg,10,30.0,8000,149.4,91.53,101.2,127.8,143.4,80.82,0.777,3.3726,110.0,1461,0,1
GaAs,Mg,2000,7.0,2000,0.0,0.0,0.0,0.0,0.0,0.0,0.0,0.0,119.0,2,9998,0
SiC,P,100,45.0,5000,638.8,261.3,638.5,691.9,689.0,257.3,0.0863,2.6294,540.0,86,0,1
GaAs,As,500,7.0,2000,1331.0,456.2,592.7,771.2,898.4,550.3,-0.6063,2.5569,3336.0,18,5809,1
Si,P,500,89.9,5000,1388.0,873.5,6032.0,6195.0,6199.0,1362.0,0.6805,3.1613,244.0,8795,0,1
SiC,P,8000,7.0,2000,0.0,0.0,0.0,0.0,0.0,0.0,0.0,0.0,35.0,0,10000,0
GaAs,As,300,89.9,1000,416.3,248.3,1227.0,1361.0,1321.0,580.4,0.3347,2.1601,562.0,8705,113,1
Si,Mg,10,45.0,10000,163.4,94.36,154.6,182.4,183.2,95.45,0.6418,3.2268,76.0,567,0,1
GaAs,Ar,5000,60.0,10000,6675.0,2227.0,23610.0,23990.0,24260.0,3961.0,-0.7488,2.877,3652.0,76,8202,1
GaAs,P,5000,60.0,2000,0.0,0.0,0.0,0.0,0.0,0.0,0.0,0.0,221.0,15,9985,0
GaAs,Ar,300,7.0,2000,1292.0,457.9,740.0,934.7,1145.0,618.4,-0.6147,2.6247,1452.0,74,6340,1
SiC,As,8850,45.0,5000,4536.0,0.0,11290.0,0.0,12320.0,0.0,0.1507,2.9581,974.0,0,9999,1
SiC,P,8000,45.0,10000,8206.0,909.8,13880.0,14650.0,14670.0,3942.0,5.3293,-23.1708,358.0,0,9995,1
SiC,B,5000,60.0,2000,0.0,0.0,0.0,0.0,0.0,0.0,0.0,0.0,5.0,0,10000,0
Si,As,5000,60.0,10000,7766.0,1786.0,21710.0,22130.0,21990.0,4258.0,-1.1401,4.1577,5080.0,5,8173,1
Si,Mg,10,89.9,2000,91.8,65.02,200.7,227.6,222.7,106.6,1.1589,4.7653,17.0,8615,0,1
SiC,Mg,10000,60.0,8000,5842.0,1196.0,29550.0,30070.0,30490.0,4868.0,0.3548,2.9199,170.0,0,9997,1
SiC,Mg,1000,7.0,8000,6695.0,1249.0,1881.0,2352.0,2696.0,1447.0,-1.6686,5.8571,896.0,0,8832,1
SiC,Ar,1000,0.0,8000,6122.0,960.0,761.5,959.5,1199.0,634.2,-1.1175,5.1144,2094.0,0,26,1
Si,As,3000,89.9,2000,1053.0,536.6,17400.0,17720.0,17600.0,3325.0,-0.0571,1.9292,1039.0,8722,840,1
Si,As,10,7.0,2000,126.3,45.26,32.54,41.44,48.77,27.57,0.5303,3.2555,83.0,0,0,1
Si,As,50,89.9,5000,106.9,74.75,388.9,414.4,403.5,143.3,0.969,3.7517,92.0,8478,0,1
Si,Mg,100,45.0,1000,591.4,252.0,1221.0,1394.0,1382.0,660.2,-0.3976,2.1754,317.0,220,7284,1
SiC,Mg,6350,7.0,5000,3983.0,0.0,10060.0,0.0,12790.0,0.0,0.3548,2.9199,63.0,0,9999,1
Si,B,1000,7.0,5000,1692.0,649.2,5426.0,6295.0,9117.0,3236.0,37.0181,-256.4541,26.0,3,9993,1
SiC,P,50,30.0,1000,403.8,162.5,242.5,280.6,283.5,137.1,0.1359,2.7244,322.0,26,2,1
SiC,P,500,45.0,1000,613.5,244.7,1874.0,2161.0,2066.0,1042.0,-0.4671,2.2743,268.0,10,9878,1
Si,P,3950,0.0,2000,0.0,0.0,0.0,0.0,0.0,0.0,0.0,0.0,44.0,0,10000,0
SiC,Ar,10000,0.0,8000,0.0,0.0,0.0,0.0,0.0,0.0,0.0,0.0,221.0,0,10000,0
Si,B,10,0.0,8000,422.2,188.5,163.6,204.4,257.7,132.7,0.1081,2.5853,50.0,275,0,1
Si,Ar,6350,7.0,5000,4022.0,0.0,6118.0,0.0,6119.0,0.0,0.0658,2.7114,133.0,0,9999,1
GaAs,P,5000,0.0,8000,4480.0,2358.0,8349.0,9843.0,12080.0,4585.0,-0.1903,1.6674,491.0,4,9982,1
GaAs,Ar,4150,0.0,2000,0.0,0.0,0.0,0.0,0.0,0.0,0.0,0.0,195.0,1,9999,0
Si,As,10000,30.0,2000,0.0,0.0,0.0,0.0,0.0,0.0,0.0,0.0,180.0,0,10000,0
SiC,B,10000,45.0,8000,0.0,0.0,0.0,0.0,0.0,0.0,0.0,0.0,8.0,0,10000,0
Si,Ar,10,7.0,2000,154.3,66.58,47.18,60.54,72.14,41.7,0.4196,2.9768,75.0,6,0,1
Si,P,10000,89.9,5000,2420.0,1298.0,49040.0,49090.0,49190.0,2142.0,0.0456,1.9554,558.0,8360,437,1
Si,B,8000,89.9,8000,3202.0,1870.0,93790.0,93800.0,93850.0,1519.0,0.4602,2.4366,115.0,7901,110,1
GaAs,B,8000,0.0,2000,0.0,0.0,0.0,0.0,0.0,0.0,0.0,0.0,3.0,0,10000,0
GaAs,As,100,30.0,8000,413.0,215.8,254.0,312.1,319.9,180.5,0.5765,3.1903,1106.0,181,0,1
SiC,As,100,30.0,10000,418.8,140.4,243.8,271.7,269.0,117.4,0.308,2.9581,742.0,1,0,1
SiC,B,100,7.0,10000,2001.0,445.2,461.5,570.7,684.1,345.2,-0.8721,4.2027,189.0,18,0,1
SiC,Mg,500,30.0,10000,5057.0,1172.0,2918.0,3150.0,3194.0,1109.0,-0.7145,3.6222,1281.0,2,0,1
SiC,P,5000,0.0,10000,7855.0,1618.0,3493.0,4231.0,5252.0,2258.0,490.8131,-16422.3692,368.0,0,9992,1
GaAs,As,1000,0.0,1000,603.8,256.7,505.7,711.4,793.8,554.5,-0.3091,1.9066,1129.0,7,9875,1
SiC,B,500,89.9,5000,994.7,671.9,7213.0,7251.0,7293.0,679.1,1.0739,4.5962,57.0,8578,0,1
GaAs,B,5000,0.0,5000,0.0,0.0,0.0,0.0,0.0,0.0,0.0,0.0,15.0,1,9999,0
Si,Ar,500,0.0,1000,814.6,155.2,251.9,336.4,493.7,404.6,340.4934,-9419.5367,186.0,0,9977,1
GaAs,Ar,10,89.9,10000,61.37,41.34,102.2,120.8,119.6,63.2,1.0737,4.5503,26.0,8606,0,1
Si,B,300,30.0,8000,6460.0,1141.0,4005.0,4243.0,4353.0,1278.0,-1.4673,6.246,258.0,7,1452,1
SiC,B,4000,45.0,5000,0.0,0.0,0.0,0.0,0.0,0.0,0.0,0.0,13.0,1,9999,0
SiC,As,10000,0.0,10000,0.0,0.0,0.0,0.0,0.0,0.0,0.0,0.0,1340.0,0,10000,0
GaAs,B,5000,89.9,2000,919.1,484.8,50350.0,50380.0,50600.0,1625.0,0.2187,1.8891,81.0,8422,1460,1
SiC,Ar,800,60.0,5000,2519.0,839.7,4391.0,4476.0,4474.0,846.1,-0.2471,2.798,1917.0,39,5,1
SiC,P,10,30.0,2000,100.8,46.97,61.29,73.02,73.81,38.56,0.4316,3.0171,80.0,71,0,1
GaAs,As,10000,0.0,2000,0.0,0.0,0.0,0.0,0.0,0.0,0.0,0.0,463.0,0,10000,0
SiC,Ar,800,89.9,10000,835.2,538.5,5008.0,5086.0,5086.0,867.4,0.6966,3.085,360.0,8655,0,1
Si,B,800,45.0,10000,8496.0,1374.0,11330.0,11480.0,11620.0,1657.0,-1.9221,7.9769,221.0,8,7190,1
Si,B,5000,0.0,1000,0.0,0.0,0.0,0.0,0.0,0.0,0.0,0.0,1.0,0,10000,0
Si,As,300,0.0,8000,1971.0,619.9,365.5,466.6,577.7,331.2,0.1252,2.7159,1803.0,0,0,1
Si,P,800,0.0,1000,823.3,0.0,179.4,0.0,181.1,0.0,0.0456,2.6717,82.0,0,9999,1
GaAs,B,1000,89.9,5000,2380.0,1260.0,15450.0,15580.0,15800.0,1707.0,0.0956,1.974,95.0,8847,230,1
SiC,As,10000,30.0,5000,0.0,0.0,0.0,0.0,0.0,0.0,0.0,0.0,677.0,0,10000,0
Si,Mg,1000,0.0,10000,7851.0,1880.0,2811.0,3541.0,4341.0,2341.0,-1.477,5.16,640.0,1,9539,1
GaAs,P,100,60.0,1000,488.7,252.4,816.1,936.5,951.9,438.6,0.0446,1.9949,752.0,1973,1581,1
Si,P,800,30.0,10000,7656.0,1573.0,4653.0,4966.0,5029.0,1639.0,-1.029,4.2212,1633.0,1,758,1
SiC,P,800,7.0,2000,1203.0,457.4,722.0,949.6,1027.0,687.2,-0.0148,1.4565,267.0,0,9955,1
GaAs,Mg,300,30.0,5000,3005.0,1188.0,2283.0,2699.0,2983.0,1343.0,-0.4096,2.3317,1721.0,357,1883,1
Si,P,10000,60.0,10000,6182.0,2153.0,34990.0,36220.0,36810.0,8451.0,2.4769,-7.3475,261.0,4,9987,1
SiC,P,1800,30.0,2000,1037.0,543.7,2520.0,3323.0,2894.0,2170.0,0.9962,0.9235,149.0,0,9994,1
Si,P,500,30.0,1000,671.0,222.3,1516.0,2099.0,1777.0,1441.0,-0.074,-0.3447,137.0,3,9969,1
Si,B,3000,60.0,10000,6794.0,2591.0,32950.0,33070.0,33920.0,2192.0,-0.7856,1.9808,47.0,2,9979,1
GaAs,As,100,7.0,5000,460.7,227.1,159.5,205.5,244.0,147.3,0.4573,2.956,1108.0,52,0,1
SiC,Ar,8900,30.0,5000,4464.0,0.0,7057.0,0.0,8961.0,0.0,-0.1371,2.7931,167.0,0,9999,1
GaAs,As,10000,7.0,10000,6602.0,2180.0,6080.0,8386.0,8647.0,6633.0,0.0829,0.6475,2638.0,1,9977,1
SiC,Mg,100,60.0,8000,675.8,352.2,1095.0,1168.0,1163.0,394.6,0.3548,2.7143,537.0,610,0,1
Si,Ar,500,7.0,10000,5022.0,1152.0,1020.0,1265.0,1491.0,769.2,-0.6154,3.4892,1592.0,0,0,1
SiC,Mg,6300,7.0,5000,1357.0,0.0,9257.0,0.0,9259.0,0.0,0.3548,2.9199,64.0,0,9999,1
Si,Ar,6300,7.0,5000,0.0,0.0,0.0,0.0,0.0,0.0,0.0,0.0,131.0,0,10000,0
SiC,P,50,89.9,1000,139.2,91.53,446.8,479.0,468.9,171.6,0.8384,3.5195,66.0,8668,0,1
Si,Ar,800,89.9,10000,1507.0,935.6,7706.0,7868.0,7866.0,1534.0,0.6913,3.2767,351.0,8756,0,1
GaAs,P,5000,45.0,5000,1658.0,1323.0,14520.0,15700.0,18810.0,4348.0,0.4651,2.0039,416.0,16,9973,1
GaAs,As,8000,45.0,1000,93.96,0.0,228.9,0.0,234.9,0.0,0.16469999999999999,2.32325,362.0,0,9999,1
GaAs,As,10000,30.0,1000,294.3,0.0,3557.0,0.0,4176.0,0.0,0.16469999999999999,2.32325,245.0,0,9999,1
SiC,Ar,500,7.0,10000,3253.0,678.7,601.8,743.2,859.8,443.9,-0.7398,3.7095,1546.0,0,0,1
Si,As,500,0.0,1000,810.5,137.0,281.1,371.8,434.6,270.5,2.7036,-26.3672,632.0,0,9925,1
Si,B,5000,45.0,8000,6592.0,0.0,42270.0,0.0,49560.0,0.0,0.09004999999999999,2.6853,12.0,0,9999,1
GaAs,Ar,800,7.0,5000,3535.0,1083.0,1812.0,2241.0,2748.0,1365.0,-0.9461,3.3102,2506.0,30,7247,1
Si,P,50,60.0,2000,394.8,227.9,613.6,672.9,664.3,271.5,0.5658,2.9339,305.0,797,0,1
SiC,Mg,100,45.0,5000,907.4,384.1,901.9,983.8,987.1,377.9,0.0686,2.5624,544.0,132,0,1
GaAs,P,2050,0.0,2000,801.9,411.4,4800.0,5384.0,6963.0,2031.0,4.0532,-0.5843,214.0,10,9983,1
Si,Mg,2000,7.0,2000,0.0,0.0,0.0,0.0,0.0,0.0,0.0,0.0,44.0,0,10000,0
SiC,Mg,10,7.0,1000,139.9,63.47,45.24,58.31,69.14,41.03,0.3705,2.8767,83.0,38,0,1
Si,Ar,300,60.0,5000,1577.0,717.3,2677.0,2794.0,2785.0,781.1,0.1224,2.5349,1170.0,278,0,1
SiC,As,500,60.0,8000,1100.0,457.8,1897.0,1972.0,1946.0,536.7,0.2285,2.7767,2656.0,74,0,1
Si,Mg,100,60.0,5000,1062.0,586.7,1644.0,1776.0,1779.0,650.5,0.4469,2.7533,517.0,890,0,1
SiC,B,1000,30.0,8000,6831.0,1134.0,6131.0,6428.0,6562.0,1669.0,-1.8625,6.7482,133.0,0,9654,1
SiC,Ar,1000,60.0,8000,3078.0,962.9,5306.0,5394.0,5399.0,942.5,-0.2866,2.9001,2094.0,35,0,1
Si,B,500,89.9,5000,1715.0,1043.0,11130.0,11210.0,11300.0,1193.0,0.6366,2.8973,55.0,8646,20,1
Si,P,3900,30.0,2000,1761.0,0.0,4099.0,0.0,6518.0,0.0,0.0456,2.6717,53.0,0,9999,1
GaAs,P,100,60.0,10000,635.9,377.5,826.9,944.4,967.1,434.8,0.591,2.9084,793.0,2050,0,1
GaAs,Mg,10000,7.0,10000,0.0,0.0,0.0,0.0,0.0,0.0,0.0,0.0,174.0,0,10000,0
GaAs,P,100,60.0,2000,633.3,377.4,823.4,941.8,962.3,435.0,0.583,2.8281,791.0,2100,5,1
SiC,Ar,8000,60.0,8000,6251.0,1417.0,19990.0,20500.0,20460.0,4257.0,-0.9296,2.5955,779.0,2,9917,1
GaAs,B,300,0.0,1000,444.1,263.7,3377.0,3388.0,6364.0,1229.0,-0.08760000000000001,2.37535,27.0,21,9976,1
SiC,As,3000,30.0,5000,4121.0,729.0,3483.0,3812.0,3670.0,1618.0,-0.1954,-3.2786,2021.0,0,9925,1
GaAs,B,3000,89.9,1000,525.8,228.8,34480.0,34520.0,35020.0,1107.0,-0.6346,0.3884,52.0,8281,1708,1
SiC,Mg,50,30.0,2000,557.2,234.0,332.9,391.0,400.3,197.8,0.1422,2.6522,332.0,46,0,1
Si,P,100,7.0,10000,1354.0,481.4,368.4,465.5,556.3,305.7,-0.0822,2.688,530.0,1,0,1
Si,As,50,89.9,2000,106.9,70.9,387.0,412.4,401.4,142.6,1.0321,3.9644,89.0,8549,0,1
SiC,P,8000,30.0,2000,0.0,0.0,0.0,0.0,0.0,0.0,0.0,0.0,39.0,0,10000,0
GaAs,Mg,500,30.0,2000,933.6,535.3,3107.0,3791.0,4234.0,2011.0,0.1558,1.9724,452.0,188,9646,1
Si,Mg,300,7.0,10000,5676.0,1516.0,1407.0,1737.0,2109.0,1061.0,-0.573,3.2805,1052.0,4,0,1
GaAs,Ar,800,45.0,8000,4163.0,1671.0,4122.0,4479.0,4587.0,1625.0,-0.176,2.4066,3775.0,203,44,1
Si,Ar,6300,30.0,5000,0.0,0.0,0.0,0.0,0.0,0.0,0.0,0.0,155.0,0,10000,0
GaAs,As,10000,7.0,5000,0.0,0.0,0.0,0.0,0.0,0.0,0.0,0.0,1142.0,0,10000,0
GaAs,B,300,0.0,2000,1158.0,418.3,3126.0,3623.0,4531.0,1359.0,-0.866,3.5842,59.0,45,9913,1
Si,Mg,10000,89.9,1000,506.6,249.2,54980.0,55060.0,55120.0,2896.0,0.3111,1.7218,174.0,8016,1969,1
SiC,Ar,500,89.9,8000,617.4,400.0,3246.0,3322.0,3311.0,690.0,0.8371,3.5742,282.0,8718,0,1
SiC,Mg,50,60.0,2000,352.8,197.0,556.7,604.8,600.5,229.7,0.5151,2.9254,325.0,733,0,1
GaAs,B,5000,0.0,10000,1121.0,487.3,3598.0,4777.0,34260.0,937.4,-0.08760000000000001,2.37535,29.0,1,9997,1
